--
-- PostgreSQL database dump
--

\restrict AlVjTs6fGXX1SGA3b0R4y4jgnSc3BfcgddARtFkOf61CcTqmxaPauBr4lBDap86

-- Dumped from database version 16.11
-- Dumped by pg_dump version 16.11

SET statement_timeout = 0;
SET lock_timeout = 0;
SET idle_in_transaction_session_timeout = 0;
SET client_encoding = 'UTF8';
SET standard_conforming_strings = on;
SELECT pg_catalog.set_config('search_path', '', false);
SET check_function_bodies = false;
SET xmloption = content;
SET client_min_messages = warning;
SET row_security = off;

SET default_tablespace = '';

SET default_table_access_method = heap;

--
-- Name: auth_group; Type: TABLE; Schema: public; Owner: divina
--

CREATE TABLE public.auth_group (
    id integer NOT NULL,
    name character varying(150) NOT NULL
);


ALTER TABLE public.auth_group OWNER TO divina;

--
-- Name: auth_group_id_seq; Type: SEQUENCE; Schema: public; Owner: divina
--

ALTER TABLE public.auth_group ALTER COLUMN id ADD GENERATED BY DEFAULT AS IDENTITY (
    SEQUENCE NAME public.auth_group_id_seq
    START WITH 1
    INCREMENT BY 1
    NO MINVALUE
    NO MAXVALUE
    CACHE 1
);


--
-- Name: auth_group_permissions; Type: TABLE; Schema: public; Owner: divina
--

CREATE TABLE public.auth_group_permissions (
    id bigint NOT NULL,
    group_id integer NOT NULL,
    permission_id integer NOT NULL
);


ALTER TABLE public.auth_group_permissions OWNER TO divina;

--
-- Name: auth_group_permissions_id_seq; Type: SEQUENCE; Schema: public; Owner: divina
--

ALTER TABLE public.auth_group_permissions ALTER COLUMN id ADD GENERATED BY DEFAULT AS IDENTITY (
    SEQUENCE NAME public.auth_group_permissions_id_seq
    START WITH 1
    INCREMENT BY 1
    NO MINVALUE
    NO MAXVALUE
    CACHE 1
);


--
-- Name: auth_permission; Type: TABLE; Schema: public; Owner: divina
--

CREATE TABLE public.auth_permission (
    id integer NOT NULL,
    name character varying(255) NOT NULL,
    content_type_id integer NOT NULL,
    codename character varying(100) NOT NULL
);


ALTER TABLE public.auth_permission OWNER TO divina;

--
-- Name: auth_permission_id_seq; Type: SEQUENCE; Schema: public; Owner: divina
--

ALTER TABLE public.auth_permission ALTER COLUMN id ADD GENERATED BY DEFAULT AS IDENTITY (
    SEQUENCE NAME public.auth_permission_id_seq
    START WITH 1
    INCREMENT BY 1
    NO MINVALUE
    NO MAXVALUE
    CACHE 1
);


--
-- Name: auth_user; Type: TABLE; Schema: public; Owner: divina
--

CREATE TABLE public.auth_user (
    id integer NOT NULL,
    password character varying(128) NOT NULL,
    last_login timestamp with time zone,
    is_superuser boolean NOT NULL,
    username character varying(150) NOT NULL,
    first_name character varying(150) NOT NULL,
    last_name character varying(150) NOT NULL,
    email character varying(254) NOT NULL,
    is_staff boolean NOT NULL,
    is_active boolean NOT NULL,
    date_joined timestamp with time zone NOT NULL
);


ALTER TABLE public.auth_user OWNER TO divina;

--
-- Name: auth_user_groups; Type: TABLE; Schema: public; Owner: divina
--

CREATE TABLE public.auth_user_groups (
    id bigint NOT NULL,
    user_id integer NOT NULL,
    group_id integer NOT NULL
);


ALTER TABLE public.auth_user_groups OWNER TO divina;

--
-- Name: auth_user_groups_id_seq; Type: SEQUENCE; Schema: public; Owner: divina
--

ALTER TABLE public.auth_user_groups ALTER COLUMN id ADD GENERATED BY DEFAULT AS IDENTITY (
    SEQUENCE NAME public.auth_user_groups_id_seq
    START WITH 1
    INCREMENT BY 1
    NO MINVALUE
    NO MAXVALUE
    CACHE 1
);


--
-- Name: auth_user_id_seq; Type: SEQUENCE; Schema: public; Owner: divina
--

ALTER TABLE public.auth_user ALTER COLUMN id ADD GENERATED BY DEFAULT AS IDENTITY (
    SEQUENCE NAME public.auth_user_id_seq
    START WITH 1
    INCREMENT BY 1
    NO MINVALUE
    NO MAXVALUE
    CACHE 1
);


--
-- Name: auth_user_user_permissions; Type: TABLE; Schema: public; Owner: divina
--

CREATE TABLE public.auth_user_user_permissions (
    id bigint NOT NULL,
    user_id integer NOT NULL,
    permission_id integer NOT NULL
);


ALTER TABLE public.auth_user_user_permissions OWNER TO divina;

--
-- Name: auth_user_user_permissions_id_seq; Type: SEQUENCE; Schema: public; Owner: divina
--

ALTER TABLE public.auth_user_user_permissions ALTER COLUMN id ADD GENERATED BY DEFAULT AS IDENTITY (
    SEQUENCE NAME public.auth_user_user_permissions_id_seq
    START WITH 1
    INCREMENT BY 1
    NO MINVALUE
    NO MAXVALUE
    CACHE 1
);


--
-- Name: django_admin_log; Type: TABLE; Schema: public; Owner: divina
--

CREATE TABLE public.django_admin_log (
    id integer NOT NULL,
    action_time timestamp with time zone NOT NULL,
    object_id text,
    object_repr character varying(200) NOT NULL,
    action_flag smallint NOT NULL,
    change_message text NOT NULL,
    content_type_id integer,
    user_id integer NOT NULL,
    CONSTRAINT django_admin_log_action_flag_check CHECK ((action_flag >= 0))
);


ALTER TABLE public.django_admin_log OWNER TO divina;

--
-- Name: django_admin_log_id_seq; Type: SEQUENCE; Schema: public; Owner: divina
--

ALTER TABLE public.django_admin_log ALTER COLUMN id ADD GENERATED BY DEFAULT AS IDENTITY (
    SEQUENCE NAME public.django_admin_log_id_seq
    START WITH 1
    INCREMENT BY 1
    NO MINVALUE
    NO MAXVALUE
    CACHE 1
);


--
-- Name: django_content_type; Type: TABLE; Schema: public; Owner: divina
--

CREATE TABLE public.django_content_type (
    id integer NOT NULL,
    app_label character varying(100) NOT NULL,
    model character varying(100) NOT NULL
);


ALTER TABLE public.django_content_type OWNER TO divina;

--
-- Name: django_content_type_id_seq; Type: SEQUENCE; Schema: public; Owner: divina
--

ALTER TABLE public.django_content_type ALTER COLUMN id ADD GENERATED BY DEFAULT AS IDENTITY (
    SEQUENCE NAME public.django_content_type_id_seq
    START WITH 1
    INCREMENT BY 1
    NO MINVALUE
    NO MAXVALUE
    CACHE 1
);


--
-- Name: django_migrations; Type: TABLE; Schema: public; Owner: divina
--

CREATE TABLE public.django_migrations (
    id bigint NOT NULL,
    app character varying(255) NOT NULL,
    name character varying(255) NOT NULL,
    applied timestamp with time zone NOT NULL
);


ALTER TABLE public.django_migrations OWNER TO divina;

--
-- Name: django_migrations_id_seq; Type: SEQUENCE; Schema: public; Owner: divina
--

ALTER TABLE public.django_migrations ALTER COLUMN id ADD GENERATED BY DEFAULT AS IDENTITY (
    SEQUENCE NAME public.django_migrations_id_seq
    START WITH 1
    INCREMENT BY 1
    NO MINVALUE
    NO MAXVALUE
    CACHE 1
);


--
-- Name: django_session; Type: TABLE; Schema: public; Owner: divina
--

CREATE TABLE public.django_session (
    session_key character varying(40) NOT NULL,
    session_data text NOT NULL,
    expire_date timestamp with time zone NOT NULL
);


ALTER TABLE public.django_session OWNER TO divina;

--
-- Name: portfolio_experience; Type: TABLE; Schema: public; Owner: divina
--

CREATE TABLE public.portfolio_experience (
    id bigint NOT NULL,
    title character varying(200) NOT NULL,
    role character varying(200) NOT NULL,
    description text NOT NULL,
    date date NOT NULL,
    location character varying(200) NOT NULL,
    icon character varying(100)
);


ALTER TABLE public.portfolio_experience OWNER TO divina;

--
-- Name: portfolio_experience_id_seq; Type: SEQUENCE; Schema: public; Owner: divina
--

ALTER TABLE public.portfolio_experience ALTER COLUMN id ADD GENERATED BY DEFAULT AS IDENTITY (
    SEQUENCE NAME public.portfolio_experience_id_seq
    START WITH 1
    INCREMENT BY 1
    NO MINVALUE
    NO MAXVALUE
    CACHE 1
);


--
-- Name: portfolio_project; Type: TABLE; Schema: public; Owner: divina
--

CREATE TABLE public.portfolio_project (
    id bigint NOT NULL,
    title character varying(200) NOT NULL,
    description text NOT NULL,
    github_url character varying(200),
    live_url character varying(200),
    image character varying(100),
    created_at timestamp with time zone NOT NULL
);


ALTER TABLE public.portfolio_project OWNER TO divina;

--
-- Name: portfolio_project_id_seq; Type: SEQUENCE; Schema: public; Owner: divina
--

ALTER TABLE public.portfolio_project ALTER COLUMN id ADD GENERATED BY DEFAULT AS IDENTITY (
    SEQUENCE NAME public.portfolio_project_id_seq
    START WITH 1
    INCREMENT BY 1
    NO MINVALUE
    NO MAXVALUE
    CACHE 1
);


--
-- Data for Name: auth_group; Type: TABLE DATA; Schema: public; Owner: divina
--

COPY public.auth_group (id, name) FROM stdin;
\.


--
-- Data for Name: auth_group_permissions; Type: TABLE DATA; Schema: public; Owner: divina
--

COPY public.auth_group_permissions (id, group_id, permission_id) FROM stdin;
\.


--
-- Data for Name: auth_permission; Type: TABLE DATA; Schema: public; Owner: divina
--

COPY public.auth_permission (id, name, content_type_id, codename) FROM stdin;
1	Can add log entry	1	add_logentry
2	Can change log entry	1	change_logentry
3	Can delete log entry	1	delete_logentry
4	Can view log entry	1	view_logentry
5	Can add permission	2	add_permission
6	Can change permission	2	change_permission
7	Can delete permission	2	delete_permission
8	Can view permission	2	view_permission
9	Can add group	3	add_group
10	Can change group	3	change_group
11	Can delete group	3	delete_group
12	Can view group	3	view_group
13	Can add user	4	add_user
14	Can change user	4	change_user
15	Can delete user	4	delete_user
16	Can view user	4	view_user
17	Can add content type	5	add_contenttype
18	Can change content type	5	change_contenttype
19	Can delete content type	5	delete_contenttype
20	Can view content type	5	view_contenttype
21	Can add session	6	add_session
22	Can change session	6	change_session
23	Can delete session	6	delete_session
24	Can view session	6	view_session
25	Can add project	7	add_project
26	Can change project	7	change_project
27	Can delete project	7	delete_project
28	Can view project	7	view_project
29	Can add experience	8	add_experience
30	Can change experience	8	change_experience
31	Can delete experience	8	delete_experience
32	Can view experience	8	view_experience
\.


--
-- Data for Name: auth_user; Type: TABLE DATA; Schema: public; Owner: divina
--

COPY public.auth_user (id, password, last_login, is_superuser, username, first_name, last_name, email, is_staff, is_active, date_joined) FROM stdin;
\.


--
-- Data for Name: auth_user_groups; Type: TABLE DATA; Schema: public; Owner: divina
--

COPY public.auth_user_groups (id, user_id, group_id) FROM stdin;
\.


--
-- Data for Name: auth_user_user_permissions; Type: TABLE DATA; Schema: public; Owner: divina
--

COPY public.auth_user_user_permissions (id, user_id, permission_id) FROM stdin;
\.


--
-- Data for Name: django_admin_log; Type: TABLE DATA; Schema: public; Owner: divina
--

COPY public.django_admin_log (id, action_time, object_id, object_repr, action_flag, change_message, content_type_id, user_id) FROM stdin;
\.


--
-- Data for Name: django_content_type; Type: TABLE DATA; Schema: public; Owner: divina
--

COPY public.django_content_type (id, app_label, model) FROM stdin;
1	admin	logentry
2	auth	permission
3	auth	group
4	auth	user
5	contenttypes	contenttype
6	sessions	session
7	portfolio	project
8	portfolio	experience
\.


--
-- Data for Name: django_migrations; Type: TABLE DATA; Schema: public; Owner: divina
--

COPY public.django_migrations (id, app, name, applied) FROM stdin;
1	contenttypes	0001_initial	2025-12-02 13:25:45.354992+01
2	auth	0001_initial	2025-12-02 13:25:45.498204+01
3	admin	0001_initial	2025-12-02 13:25:45.551333+01
4	admin	0002_logentry_remove_auto_add	2025-12-02 13:25:45.569932+01
5	admin	0003_logentry_add_action_flag_choices	2025-12-02 13:25:45.588162+01
6	contenttypes	0002_remove_content_type_name	2025-12-02 13:25:45.627179+01
7	auth	0002_alter_permission_name_max_length	2025-12-02 13:25:45.646802+01
8	auth	0003_alter_user_email_max_length	2025-12-02 13:25:45.667929+01
9	auth	0004_alter_user_username_opts	2025-12-02 13:25:45.684579+01
10	auth	0005_alter_user_last_login_null	2025-12-02 13:25:45.706086+01
11	auth	0006_require_contenttypes_0002	2025-12-02 13:25:45.709016+01
12	auth	0007_alter_validators_add_error_messages	2025-12-02 13:25:45.725662+01
13	auth	0008_alter_user_username_max_length	2025-12-02 13:25:45.753192+01
14	auth	0009_alter_user_last_name_max_length	2025-12-02 13:25:45.770088+01
15	auth	0010_alter_group_name_max_length	2025-12-02 13:25:45.79243+01
16	auth	0011_update_proxy_permissions	2025-12-02 13:25:45.808113+01
17	auth	0012_alter_user_first_name_max_length	2025-12-02 13:25:45.825549+01
18	portfolio	0001_initial	2025-12-02 13:25:45.843888+01
19	portfolio	0002_experience	2025-12-02 13:25:45.865282+01
20	sessions	0001_initial	2025-12-02 13:25:45.896255+01
\.


--
-- Data for Name: django_session; Type: TABLE DATA; Schema: public; Owner: divina
--

COPY public.django_session (session_key, session_data, expire_date) FROM stdin;
\.


--
-- Data for Name: portfolio_experience; Type: TABLE DATA; Schema: public; Owner: divina
--

COPY public.portfolio_experience (id, title, role, description, date, location, icon) FROM stdin;
1	Organizer/Mentor at Google Developers Group Bambili	Professional Experience	Facilitated community workshops on Python, ML, and AI concepts with 250+ participants. Led projects applying data science to real-world challenges (education, local business). Organized interactive coding sessions and competitions to engage attendees and showcase practical skills.	2024-06-01	Bambili, Cameroon	≡ƒæ¿ΓÇì≡ƒÆ╗
2	Tech Course Content Creator at MetaBrains ΓÇô Remote	Professional Experience	Developed and published structured course materials on Generative AI, Data Science, and Machine Learning, reaching 500+ learners. Integrated cutting-edge AI trends to ensure course relevance and learner career readiness. Collaborated with educators to align training content with job-market needs, producing practical assignments and interactive exercises.	2024-05-01	Lebanon	≡ƒôÜ
3	Data Science Mentor at Growing Girls In Tech	Professional Experience	Mentored 30+ students in Python, ML fundamentals, and applied analytics. Created tailored learning paths, boosting participant retention and confidence in technical skills. Developed sample projects and guided students to implement real-world datasets, reinforcing applied learning.	2024-03-01	Bamenda, Cameroon	≡ƒÄô
4	Data Science Supervisor at Traitz Tech	Professional Experience	Supervised a team of interns on machine learning and analytics projects, improving model accuracy and data quality. Designed internship programs aligned with company goals, increasing project delivery efficiency by 20%. Guided data teams through the full ML pipeline (data prep ΓåÆ analysis ΓåÆ model deployment). Expanded mentoring by introducing hands-on workshops for new hires, boosting onboarding speed.	2024-02-01	Bambili, Cameroon	≡ƒ¢á∩╕Å
5	Assistant Program Manager at Her Blueprint Africa	Professional Experience	Coordinated leadership and digital literacy programs that reached 200+ young women. Launched digital literacy workshops, equipping participants with core tech and online safety skills. Introduced mini-projects and exercises to reinforce learning outcomes and practical skills.	2024-02-01	Bambili, Cameroon	≡ƒôê
6	Lead at WomenTechMakers	Professional Experience	Organized tech workshops and events that introduced 200+ women to careers in AI and Data Science. Built an online knowledge-sharing community, growing engagement by 40%. Provided mentorship and guidance for attendees to start their first projects in Python and ML.	2024-01-01	Bambili, Cameroon	≡ƒîƒ
\.


--
-- Data for Name: portfolio_project; Type: TABLE DATA; Schema: public; Owner: divina
--

COPY public.portfolio_project (id, title, description, github_url, live_url, image, created_at) FROM stdin;
8	DigiChamp	DigiChamp is an interactive gamified web application designed to teach digital literacy to secondary school students of all academic backgrounds.	https://github.com/Divina-s/DigiChamp	https://digi-champ.vercel.app/	projects/digichamp.png	2025-12-02 15:23:39.7479+01
3	A machine learning approach to predicting migration outflows from Conflict-Affected Countries	Migration in conflict-affected African countries is influenced by complex economic, social, political, and environmental factors. Accurate forecasting of migration flows, including bilateral migration flows, is crucial for governments, humanitarian organizations, and communities. Timely estimates help prepare for displacement, adjust labor markets, and provide social protection. However, migration is driven by interacting factors such as conflict intensity, economic shocks, environmental disruptions, and global crises like COVID-19, making accurate prediction challenging.This project develops a forecasting framework that compares classical statistical models with modern machine learning algorithms to predict migration outflows from Cameroon, Nigeria, and Libya. The framework assesses both predictive accuracy and interpretability to provide actionable insights for policymakers.	https://github.com/Divina-s/Predicting-Migration-Flows	\N	projects/migration.jpeg	2025-12-02 15:23:01.154498+01
4	BloomsAI	The objective of this project is to develop a mobile application that helps farmers diagnose crop diseases quickly and accurately. Users will be able to upload pictures of their crops, and the app will analyze the images to detect any diseases present. Additionally, the app will provide recommendations for treatment of the detected diseases. The app also features a chatbot to assist users with any crop-related queries they may have.	https://github.com/Divina-s/BloomsAI	\N	projects/blooms.jpg	2025-12-02 15:23:01.172878+01
5	Blood Donor Dashboard	The Blood Donation Campaign Dashboard is an interactive tool designed to aid blood donation campaigns by providing data-driven insights. This dashboard helps users analyze donor behavior, campaign success, and eligibility criteria using data visualization and machine learning. By leveraging these insights, organizations can optimize strategies and effectively target potential donors.	https://github.com/Divina-s/Blood-Donor-Dashboard	\N	projects/Blood_donor.png	2025-12-02 15:23:01.172878+01
6	Logistic Regression for Student Performance Prediction	A Mathematical Approach to predicting UCI student performance using logistic regression.	https://github.com/Divina-s/Logistic-Regression-for-Student-Performance-Prediction	\N	projects/logistic-regression-model-3.png	2025-12-02 15:23:01.179745+01
\.


--
-- Name: auth_group_id_seq; Type: SEQUENCE SET; Schema: public; Owner: divina
--

SELECT pg_catalog.setval('public.auth_group_id_seq', 1, false);


--
-- Name: auth_group_permissions_id_seq; Type: SEQUENCE SET; Schema: public; Owner: divina
--

SELECT pg_catalog.setval('public.auth_group_permissions_id_seq', 1, false);


--
-- Name: auth_permission_id_seq; Type: SEQUENCE SET; Schema: public; Owner: divina
--

SELECT pg_catalog.setval('public.auth_permission_id_seq', 32, true);


--
-- Name: auth_user_groups_id_seq; Type: SEQUENCE SET; Schema: public; Owner: divina
--

SELECT pg_catalog.setval('public.auth_user_groups_id_seq', 1, false);


--
-- Name: auth_user_id_seq; Type: SEQUENCE SET; Schema: public; Owner: divina
--

SELECT pg_catalog.setval('public.auth_user_id_seq', 1, false);


--
-- Name: auth_user_user_permissions_id_seq; Type: SEQUENCE SET; Schema: public; Owner: divina
--

SELECT pg_catalog.setval('public.auth_user_user_permissions_id_seq', 1, false);


--
-- Name: django_admin_log_id_seq; Type: SEQUENCE SET; Schema: public; Owner: divina
--

SELECT pg_catalog.setval('public.django_admin_log_id_seq', 1, false);


--
-- Name: django_content_type_id_seq; Type: SEQUENCE SET; Schema: public; Owner: divina
--

SELECT pg_catalog.setval('public.django_content_type_id_seq', 8, true);


--
-- Name: django_migrations_id_seq; Type: SEQUENCE SET; Schema: public; Owner: divina
--

SELECT pg_catalog.setval('public.django_migrations_id_seq', 20, true);


--
-- Name: portfolio_experience_id_seq; Type: SEQUENCE SET; Schema: public; Owner: divina
--

SELECT pg_catalog.setval('public.portfolio_experience_id_seq', 6, true);


--
-- Name: portfolio_project_id_seq; Type: SEQUENCE SET; Schema: public; Owner: divina
--

SELECT pg_catalog.setval('public.portfolio_project_id_seq', 11, true);


--
-- Name: auth_group auth_group_name_key; Type: CONSTRAINT; Schema: public; Owner: divina
--

ALTER TABLE ONLY public.auth_group
    ADD CONSTRAINT auth_group_name_key UNIQUE (name);


--
-- Name: auth_group_permissions auth_group_permissions_group_id_permission_id_0cd325b0_uniq; Type: CONSTRAINT; Schema: public; Owner: divina
--

ALTER TABLE ONLY public.auth_group_permissions
    ADD CONSTRAINT auth_group_permissions_group_id_permission_id_0cd325b0_uniq UNIQUE (group_id, permission_id);


--
-- Name: auth_group_permissions auth_group_permissions_pkey; Type: CONSTRAINT; Schema: public; Owner: divina
--

ALTER TABLE ONLY public.auth_group_permissions
    ADD CONSTRAINT auth_group_permissions_pkey PRIMARY KEY (id);


--
-- Name: auth_group auth_group_pkey; Type: CONSTRAINT; Schema: public; Owner: divina
--

ALTER TABLE ONLY public.auth_group
    ADD CONSTRAINT auth_group_pkey PRIMARY KEY (id);


--
-- Name: auth_permission auth_permission_content_type_id_codename_01ab375a_uniq; Type: CONSTRAINT; Schema: public; Owner: divina
--

ALTER TABLE ONLY public.auth_permission
    ADD CONSTRAINT auth_permission_content_type_id_codename_01ab375a_uniq UNIQUE (content_type_id, codename);


--
-- Name: auth_permission auth_permission_pkey; Type: CONSTRAINT; Schema: public; Owner: divina
--

ALTER TABLE ONLY public.auth_permission
    ADD CONSTRAINT auth_permission_pkey PRIMARY KEY (id);


--
-- Name: auth_user_groups auth_user_groups_pkey; Type: CONSTRAINT; Schema: public; Owner: divina
--

ALTER TABLE ONLY public.auth_user_groups
    ADD CONSTRAINT auth_user_groups_pkey PRIMARY KEY (id);


--
-- Name: auth_user_groups auth_user_groups_user_id_group_id_94350c0c_uniq; Type: CONSTRAINT; Schema: public; Owner: divina
--

ALTER TABLE ONLY public.auth_user_groups
    ADD CONSTRAINT auth_user_groups_user_id_group_id_94350c0c_uniq UNIQUE (user_id, group_id);


--
-- Name: auth_user auth_user_pkey; Type: CONSTRAINT; Schema: public; Owner: divina
--

ALTER TABLE ONLY public.auth_user
    ADD CONSTRAINT auth_user_pkey PRIMARY KEY (id);


--
-- Name: auth_user_user_permissions auth_user_user_permissions_pkey; Type: CONSTRAINT; Schema: public; Owner: divina
--

ALTER TABLE ONLY public.auth_user_user_permissions
    ADD CONSTRAINT auth_user_user_permissions_pkey PRIMARY KEY (id);


--
-- Name: auth_user_user_permissions auth_user_user_permissions_user_id_permission_id_14a6b632_uniq; Type: CONSTRAINT; Schema: public; Owner: divina
--

ALTER TABLE ONLY public.auth_user_user_permissions
    ADD CONSTRAINT auth_user_user_permissions_user_id_permission_id_14a6b632_uniq UNIQUE (user_id, permission_id);


--
-- Name: auth_user auth_user_username_key; Type: CONSTRAINT; Schema: public; Owner: divina
--

ALTER TABLE ONLY public.auth_user
    ADD CONSTRAINT auth_user_username_key UNIQUE (username);


--
-- Name: django_admin_log django_admin_log_pkey; Type: CONSTRAINT; Schema: public; Owner: divina
--

ALTER TABLE ONLY public.django_admin_log
    ADD CONSTRAINT django_admin_log_pkey PRIMARY KEY (id);


--
-- Name: django_content_type django_content_type_app_label_model_76bd3d3b_uniq; Type: CONSTRAINT; Schema: public; Owner: divina
--

ALTER TABLE ONLY public.django_content_type
    ADD CONSTRAINT django_content_type_app_label_model_76bd3d3b_uniq UNIQUE (app_label, model);


--
-- Name: django_content_type django_content_type_pkey; Type: CONSTRAINT; Schema: public; Owner: divina
--

ALTER TABLE ONLY public.django_content_type
    ADD CONSTRAINT django_content_type_pkey PRIMARY KEY (id);


--
-- Name: django_migrations django_migrations_pkey; Type: CONSTRAINT; Schema: public; Owner: divina
--

ALTER TABLE ONLY public.django_migrations
    ADD CONSTRAINT django_migrations_pkey PRIMARY KEY (id);


--
-- Name: django_session django_session_pkey; Type: CONSTRAINT; Schema: public; Owner: divina
--

ALTER TABLE ONLY public.django_session
    ADD CONSTRAINT django_session_pkey PRIMARY KEY (session_key);


--
-- Name: portfolio_experience portfolio_experience_pkey; Type: CONSTRAINT; Schema: public; Owner: divina
--

ALTER TABLE ONLY public.portfolio_experience
    ADD CONSTRAINT portfolio_experience_pkey PRIMARY KEY (id);


--
-- Name: portfolio_project portfolio_project_pkey; Type: CONSTRAINT; Schema: public; Owner: divina
--

ALTER TABLE ONLY public.portfolio_project
    ADD CONSTRAINT portfolio_project_pkey PRIMARY KEY (id);


--
-- Name: auth_group_name_a6ea08ec_like; Type: INDEX; Schema: public; Owner: divina
--

CREATE INDEX auth_group_name_a6ea08ec_like ON public.auth_group USING btree (name varchar_pattern_ops);


--
-- Name: auth_group_permissions_group_id_b120cbf9; Type: INDEX; Schema: public; Owner: divina
--

CREATE INDEX auth_group_permissions_group_id_b120cbf9 ON public.auth_group_permissions USING btree (group_id);


--
-- Name: auth_group_permissions_permission_id_84c5c92e; Type: INDEX; Schema: public; Owner: divina
--

CREATE INDEX auth_group_permissions_permission_id_84c5c92e ON public.auth_group_permissions USING btree (permission_id);


--
-- Name: auth_permission_content_type_id_2f476e4b; Type: INDEX; Schema: public; Owner: divina
--

CREATE INDEX auth_permission_content_type_id_2f476e4b ON public.auth_permission USING btree (content_type_id);


--
-- Name: auth_user_groups_group_id_97559544; Type: INDEX; Schema: public; Owner: divina
--

CREATE INDEX auth_user_groups_group_id_97559544 ON public.auth_user_groups USING btree (group_id);


--
-- Name: auth_user_groups_user_id_6a12ed8b; Type: INDEX; Schema: public; Owner: divina
--

CREATE INDEX auth_user_groups_user_id_6a12ed8b ON public.auth_user_groups USING btree (user_id);


--
-- Name: auth_user_user_permissions_permission_id_1fbb5f2c; Type: INDEX; Schema: public; Owner: divina
--

CREATE INDEX auth_user_user_permissions_permission_id_1fbb5f2c ON public.auth_user_user_permissions USING btree (permission_id);


--
-- Name: auth_user_user_permissions_user_id_a95ead1b; Type: INDEX; Schema: public; Owner: divina
--

CREATE INDEX auth_user_user_permissions_user_id_a95ead1b ON public.auth_user_user_permissions USING btree (user_id);


--
-- Name: auth_user_username_6821ab7c_like; Type: INDEX; Schema: public; Owner: divina
--

CREATE INDEX auth_user_username_6821ab7c_like ON public.auth_user USING btree (username varchar_pattern_ops);


--
-- Name: django_admin_log_content_type_id_c4bce8eb; Type: INDEX; Schema: public; Owner: divina
--

CREATE INDEX django_admin_log_content_type_id_c4bce8eb ON public.django_admin_log USING btree (content_type_id);


--
-- Name: django_admin_log_user_id_c564eba6; Type: INDEX; Schema: public; Owner: divina
--

CREATE INDEX django_admin_log_user_id_c564eba6 ON public.django_admin_log USING btree (user_id);


--
-- Name: django_session_expire_date_a5c62663; Type: INDEX; Schema: public; Owner: divina
--

CREATE INDEX django_session_expire_date_a5c62663 ON public.django_session USING btree (expire_date);


--
-- Name: django_session_session_key_c0390e0f_like; Type: INDEX; Schema: public; Owner: divina
--

CREATE INDEX django_session_session_key_c0390e0f_like ON public.django_session USING btree (session_key varchar_pattern_ops);


--
-- Name: auth_group_permissions auth_group_permissio_permission_id_84c5c92e_fk_auth_perm; Type: FK CONSTRAINT; Schema: public; Owner: divina
--

ALTER TABLE ONLY public.auth_group_permissions
    ADD CONSTRAINT auth_group_permissio_permission_id_84c5c92e_fk_auth_perm FOREIGN KEY (permission_id) REFERENCES public.auth_permission(id) DEFERRABLE INITIALLY DEFERRED;


--
-- Name: auth_group_permissions auth_group_permissions_group_id_b120cbf9_fk_auth_group_id; Type: FK CONSTRAINT; Schema: public; Owner: divina
--

ALTER TABLE ONLY public.auth_group_permissions
    ADD CONSTRAINT auth_group_permissions_group_id_b120cbf9_fk_auth_group_id FOREIGN KEY (group_id) REFERENCES public.auth_group(id) DEFERRABLE INITIALLY DEFERRED;


--
-- Name: auth_permission auth_permission_content_type_id_2f476e4b_fk_django_co; Type: FK CONSTRAINT; Schema: public; Owner: divina
--

ALTER TABLE ONLY public.auth_permission
    ADD CONSTRAINT auth_permission_content_type_id_2f476e4b_fk_django_co FOREIGN KEY (content_type_id) REFERENCES public.django_content_type(id) DEFERRABLE INITIALLY DEFERRED;


--
-- Name: auth_user_groups auth_user_groups_group_id_97559544_fk_auth_group_id; Type: FK CONSTRAINT; Schema: public; Owner: divina
--

ALTER TABLE ONLY public.auth_user_groups
    ADD CONSTRAINT auth_user_groups_group_id_97559544_fk_auth_group_id FOREIGN KEY (group_id) REFERENCES public.auth_group(id) DEFERRABLE INITIALLY DEFERRED;


--
-- Name: auth_user_groups auth_user_groups_user_id_6a12ed8b_fk_auth_user_id; Type: FK CONSTRAINT; Schema: public; Owner: divina
--

ALTER TABLE ONLY public.auth_user_groups
    ADD CONSTRAINT auth_user_groups_user_id_6a12ed8b_fk_auth_user_id FOREIGN KEY (user_id) REFERENCES public.auth_user(id) DEFERRABLE INITIALLY DEFERRED;


--
-- Name: auth_user_user_permissions auth_user_user_permi_permission_id_1fbb5f2c_fk_auth_perm; Type: FK CONSTRAINT; Schema: public; Owner: divina
--

ALTER TABLE ONLY public.auth_user_user_permissions
    ADD CONSTRAINT auth_user_user_permi_permission_id_1fbb5f2c_fk_auth_perm FOREIGN KEY (permission_id) REFERENCES public.auth_permission(id) DEFERRABLE INITIALLY DEFERRED;


--
-- Name: auth_user_user_permissions auth_user_user_permissions_user_id_a95ead1b_fk_auth_user_id; Type: FK CONSTRAINT; Schema: public; Owner: divina
--

ALTER TABLE ONLY public.auth_user_user_permissions
    ADD CONSTRAINT auth_user_user_permissions_user_id_a95ead1b_fk_auth_user_id FOREIGN KEY (user_id) REFERENCES public.auth_user(id) DEFERRABLE INITIALLY DEFERRED;


--
-- Name: django_admin_log django_admin_log_content_type_id_c4bce8eb_fk_django_co; Type: FK CONSTRAINT; Schema: public; Owner: divina
--

ALTER TABLE ONLY public.django_admin_log
    ADD CONSTRAINT django_admin_log_content_type_id_c4bce8eb_fk_django_co FOREIGN KEY (content_type_id) REFERENCES public.django_content_type(id) DEFERRABLE INITIALLY DEFERRED;


--
-- Name: django_admin_log django_admin_log_user_id_c564eba6_fk_auth_user_id; Type: FK CONSTRAINT; Schema: public; Owner: divina
--

ALTER TABLE ONLY public.django_admin_log
    ADD CONSTRAINT django_admin_log_user_id_c564eba6_fk_auth_user_id FOREIGN KEY (user_id) REFERENCES public.auth_user(id) DEFERRABLE INITIALLY DEFERRED;


--
-- PostgreSQL database dump complete
--

\unrestrict AlVjTs6fGXX1SGA3b0R4y4jgnSc3BfcgddARtFkOf61CcTqmxaPauBr4lBDap86

